trade_code,industry
000001.SZ,银行
000002.SZ,房地产
000004.SZ,医药生物
000005.SZ,房地产
000006.SZ,房地产
000007.SZ,休闲服务
000008.SZ,休闲服务
000009.SZ,综合
000010.SZ,综合
000011.SZ,房地产
000012.SZ,建筑材料
000014.SZ,房地产
000016.SZ,家用电器
000017.SZ,汽车
000018.SZ,综合
000019.SZ,食品饮料
000020.SZ,电子
000021.SZ,计算机
000022.SZ,交通运输
000023.SZ,建筑材料
000024.SZ,房地产
000025.SZ,汽车
000026.SZ,轻工制造
000027.SZ,公用事业
000028.SZ,医药生物
000029.SZ,房地产
000030.SZ,汽车
000031.SZ,房地产
000032.SZ,通信
000033.SZ,休闲服务
000034.SZ,通信
000035.SZ,公用事业
000036.SZ,房地产
000037.SZ,公用事业
000038.SZ,房地产
000039.SZ,机械设备
000040.SZ,房地产
000042.SZ,房地产
000043.SZ,房地产
000045.SZ,电子
000046.SZ,房地产
000048.SZ,农林牧渔
000049.SZ,电子
000050.SZ,电子
000055.SZ,建筑装饰
000056.SZ,房地产
000058.SZ,商业贸易
000059.SZ,化工
000060.SZ,有色金属
000061.SZ,商业贸易
000062.SZ,商业贸易
000063.SZ,通信
000065.SZ,建筑装饰
000066.SZ,计算机
000068.SZ,综合
000069.SZ,房地产
000070.SZ,通信
000078.SZ,医药生物
000088.SZ,交通运输
000089.SZ,交通运输
000090.SZ,房地产
000096.SZ,化工
000099.SZ,交通运输
000100.SZ,家用电器
000150.SZ,房地产
000151.SZ,商业贸易
000153.SZ,医药生物
000155.SZ,化工
000156.SZ,传媒
000157.SZ,机械设备
000158.SZ,纺织服装
000159.SZ,采掘
000166.SZ,非银金融
000301.SZ,商业贸易
000333.SZ,家用电器
000338.SZ,汽车
000400.SZ,电气设备
000401.SZ,建筑材料
000402.SZ,房地产
000403.SZ,医药生物
000404.SZ,家用电器
000407.SZ,化工
000408.SZ,商业贸易
000409.SZ,采掘
000410.SZ,机械设备
000411.SZ,医药生物
000413.SZ,电子
000415.SZ,非银金融
000416.SZ,商业贸易
000417.SZ,商业贸易
000418.SZ,家用电器
000419.SZ,商业贸易
000420.SZ,化工
000421.SZ,综合
000422.SZ,化工
000423.SZ,医药生物
000425.SZ,机械设备
000426.SZ,有色金属
000428.SZ,休闲服务
000429.SZ,交通运输
000430.SZ,休闲服务
000488.SZ,轻工制造
000498.SZ,建筑装饰
000501.SZ,商业贸易
000502.SZ,房地产
000503.SZ,传媒
000504.SZ,传媒
000505.SZ,房地产
000506.SZ,房地产
000507.SZ,交通运输
000509.SZ,建筑材料
000510.SZ,化工
000511.SZ,有色金属
000513.SZ,医药生物
000514.SZ,房地产
000516.SZ,商业贸易
000517.SZ,房地产
000518.SZ,医药生物
000519.SZ,机械设备
000520.SZ,交通运输
000521.SZ,家用电器
000523.SZ,化工
000524.SZ,休闲服务
000525.SZ,化工
000526.SZ,房地产
000528.SZ,机械设备
000529.SZ,综合
000530.SZ,机械设备
000531.SZ,公用事业
000532.SZ,电子
000533.SZ,家用电器
000534.SZ,房地产
000536.SZ,电子
000537.SZ,房地产
000538.SZ,医药生物
000539.SZ,公用事业
000540.SZ,房地产
000541.SZ,电子
000543.SZ,公用事业
000544.SZ,公用事业
000545.SZ,化工
000546.SZ,综合
000547.SZ,通信
000548.SZ,交通运输
000550.SZ,汽车
000551.SZ,综合
000552.SZ,采掘
000553.SZ,化工
000554.SZ,化工
000555.SZ,计算机
000557.SZ,食品饮料
000558.SZ,房地产
000559.SZ,汽车
000560.SZ,商业贸易
000561.SZ,通信
000563.SZ,非银金融
000564.SZ,商业贸易
000565.SZ,化工
000566.SZ,医药生物
000567.SZ,房地产
000568.SZ,食品饮料
000570.SZ,机械设备
000571.SZ,采掘
000572.SZ,汽车
000573.SZ,房地产
000576.SZ,轻工制造
000581.SZ,汽车
000582.SZ,交通运输
000584.SZ,化工
000585.SZ,电气设备
000586.SZ,通信
000587.SZ,轻工制造
000589.SZ,化工
000590.SZ,医药生物
000591.SZ,医药生物
000592.SZ,农林牧渔
000593.SZ,综合
000594.SZ,交通运输
000595.SZ,机械设备
000596.SZ,食品饮料
000597.SZ,医药生物
000598.SZ,公用事业
000599.SZ,化工
000600.SZ,公用事业
000601.SZ,公用事业
000603.SZ,有色金属
000605.SZ,医药生物
000606.SZ,医药生物
000607.SZ,机械设备
000608.SZ,房地产
000609.SZ,房地产
000610.SZ,休闲服务
000611.SZ,商业贸易
000612.SZ,有色金属
000613.SZ,休闲服务
000615.SZ,化工
000616.SZ,房地产
000617.SZ,机械设备
000619.SZ,建筑材料
000620.SZ,房地产
000622.SZ,汽车
000623.SZ,医药生物
000625.SZ,汽车
000626.SZ,商业贸易
000627.SZ,化工
000628.SZ,综合
000629.SZ,采掘
000630.SZ,有色金属
000631.SZ,房地产
000632.SZ,综合
000633.SZ,机械设备
000635.SZ,化工
000636.SZ,电子
000637.SZ,化工
000638.SZ,房地产
000639.SZ,农林牧渔
000650.SZ,医药生物
000651.SZ,家用电器
000652.SZ,综合
000655.SZ,采掘
000656.SZ,房地产
000657.SZ,有色金属
000659.SZ,轻工制造
000661.SZ,医药生物
000662.SZ,化工
000663.SZ,农林牧渔
000665.SZ,传媒
000666.SZ,非银金融
000667.SZ,房地产
000668.SZ,房地产
000669.SZ,公用事业
000670.SZ,房地产
000671.SZ,房地产
000672.SZ,建筑材料
000673.SZ,传媒
000676.SZ,机械设备
000677.SZ,化工
000678.SZ,汽车
000679.SZ,商业贸易
000680.SZ,机械设备
000681.SZ,传媒
000682.SZ,电气设备
000683.SZ,采掘
000685.SZ,公用事业
000686.SZ,非银金融
000687.SZ,化工
000688.SZ,有色金属
000690.SZ,公用事业
000691.SZ,房地产
000692.SZ,公用事业
000693.SZ,有色金属
000695.SZ,公用事业
000697.SZ,有色金属
000698.SZ,化工
000700.SZ,汽车
000701.SZ,综合
000702.SZ,农林牧渔
000703.SZ,化工
000705.SZ,医药生物
000707.SZ,化工
000708.SZ,钢铁
000709.SZ,钢铁
000710.SZ,汽车
000711.SZ,综合
000712.SZ,公用事业
000713.SZ,农林牧渔
000715.SZ,商业贸易
000716.SZ,食品饮料
000717.SZ,钢铁
000718.SZ,房地产
000719.SZ,传媒
000720.SZ,公用事业
000721.SZ,休闲服务
000722.SZ,公用事业
000723.SZ,采掘
000725.SZ,电子
000726.SZ,纺织服装
000727.SZ,电子
000728.SZ,非银金融
000729.SZ,食品饮料
000731.SZ,化工
000732.SZ,房地产
000733.SZ,电子
000735.SZ,农林牧渔
000736.SZ,房地产
000737.SZ,化工
000738.SZ,国防军工
000739.SZ,医药生物
000748.SZ,计算机
000750.SZ,非银金融
000751.SZ,有色金属
000752.SZ,食品饮料
000753.SZ,商业贸易
000755.SZ,化工
000756.SZ,医药生物
000757.SZ,汽车
000758.SZ,有色金属
000759.SZ,商业贸易
000760.SZ,汽车
000761.SZ,钢铁
000762.SZ,采掘
000766.SZ,医药生物
000767.SZ,公用事业
000768.SZ,国防军工
000776.SZ,非银金融
000777.SZ,机械设备
000778.SZ,钢铁
000779.SZ,纺织服装
000780.SZ,采掘
000782.SZ,化工
000783.SZ,非银金融
000785.SZ,商业贸易
000786.SZ,建筑材料
000788.SZ,医药生物
000789.SZ,建筑材料
000790.SZ,医药生物
000791.SZ,公用事业
000792.SZ,化工
000793.SZ,传媒
000795.SZ,有色金属
000796.SZ,食品饮料
000797.SZ,房地产
000798.SZ,农林牧渔
000799.SZ,食品饮料
000800.SZ,汽车
000801.SZ,国防军工
000802.SZ,休闲服务
000803.SZ,房地产
000806.SZ,电气设备
000807.SZ,有色金属
000809.SZ,房地产
000810.SZ,纺织服装
000811.SZ,机械设备
000812.SZ,轻工制造
000813.SZ,综合
000815.SZ,轻工制造
000816.SZ,机械设备
000818.SZ,化工
000819.SZ,化工
000820.SZ,轻工制造
000821.SZ,机械设备
000822.SZ,化工
000823.SZ,电子
000825.SZ,钢铁
000826.SZ,公用事业
000828.SZ,交通运输
000829.SZ,商业贸易
000830.SZ,化工
000831.SZ,有色金属
000833.SZ,轻工制造
000835.SZ,采掘
000836.SZ,通信
000837.SZ,机械设备
000838.SZ,房地产
000839.SZ,综合
000848.SZ,食品饮料
000850.SZ,纺织服装
000851.SZ,通信
000852.SZ,机械设备
000856.SZ,机械设备
000858.SZ,食品饮料
000859.SZ,化工
000860.SZ,农林牧渔
000861.SZ,商业贸易
000862.SZ,电气设备
000863.SZ,房地产
000868.SZ,汽车
000869.SZ,食品饮料
000875.SZ,公用事业
000876.SZ,农林牧渔
000877.SZ,建筑材料
000878.SZ,有色金属
000880.SZ,机械设备
000881.SZ,综合
000882.SZ,商业贸易
000883.SZ,公用事业
000885.SZ,建筑材料
000886.SZ,房地产
000887.SZ,汽车
000888.SZ,休闲服务
000889.SZ,商业贸易
000890.SZ,机械设备
000892.SZ,综合
000893.SZ,农林牧渔
000895.SZ,食品饮料
000897.SZ,房地产
000898.SZ,钢铁
000899.SZ,公用事业
000900.SZ,交通运输
000901.SZ,机械设备
000902.SZ,纺织服装
000903.SZ,汽车
000905.SZ,交通运输
000906.SZ,钢铁
000908.SZ,机械设备
000909.SZ,房地产
000910.SZ,轻工制造
000911.SZ,农林牧渔
000912.SZ,化工
000913.SZ,汽车
000915.SZ,医药生物
000916.SZ,交通运输
000917.SZ,传媒
000918.SZ,房地产
000919.SZ,医药生物
000920.SZ,机械设备
000921.SZ,家用电器
000922.SZ,电气设备
000923.SZ,机械设备
000925.SZ,公用事业
000926.SZ,房地产
000927.SZ,汽车
000928.SZ,有色金属
000929.SZ,食品饮料
000930.SZ,农林牧渔
000931.SZ,房地产
000932.SZ,钢铁
000933.SZ,采掘
000935.SZ,建筑材料
000936.SZ,化工
000937.SZ,采掘
000938.SZ,计算机
000939.SZ,公用事业
000948.SZ,计算机
000949.SZ,化工
000950.SZ,化工
000951.SZ,汽车
000952.SZ,医药生物
000953.SZ,化工
000955.SZ,纺织服装
000957.SZ,汽车
000958.SZ,公用事业
000959.SZ,钢铁
000960.SZ,有色金属
000961.SZ,房地产
000962.SZ,有色金属
000963.SZ,医药生物
000965.SZ,房地产
000966.SZ,公用事业
000967.SZ,电气设备
000968.SZ,采掘
000969.SZ,有色金属
000970.SZ,有色金属
000971.SZ,纺织服装
000972.SZ,农林牧渔
000973.SZ,化工
000975.SZ,有色金属
000976.SZ,化工
000977.SZ,计算机
000978.SZ,休闲服务
000979.SZ,房地产
000980.SZ,汽车
000981.SZ,房地产
000982.SZ,纺织服装
000983.SZ,采掘
000985.SZ,化工
000987.SZ,商业贸易
000988.SZ,电子
000989.SZ,医药生物
000990.SZ,医药生物
000993.SZ,公用事业
000995.SZ,食品饮料
000996.SZ,非银金融
000997.SZ,计算机
000998.SZ,农林牧渔
000999.SZ,医药生物
001696.SZ,汽车
001896.SZ,公用事业
002001.SZ,医药生物
002002.SZ,化工
002003.SZ,纺织服装
002004.SZ,化工
002005.SZ,电子
002006.SZ,机械设备
002007.SZ,医药生物
002008.SZ,电子
002009.SZ,机械设备
002010.SZ,化工
002011.SZ,家用电器
002012.SZ,轻工制造
002013.SZ,国防军工
002014.SZ,轻工制造
002015.SZ,化工
002016.SZ,房地产
002017.SZ,通信
002018.SZ,化工
002019.SZ,医药生物
002020.SZ,医药生物
002021.SZ,机械设备
002022.SZ,医药生物
002023.SZ,国防军工
002024.SZ,商业贸易
002025.SZ,电子
002026.SZ,机械设备
002027.SZ,计算机
002028.SZ,电气设备
002029.SZ,纺织服装
002030.SZ,医药生物
002031.SZ,机械设备
002032.SZ,家用电器
002033.SZ,休闲服务
002034.SZ,纺织服装
002035.SZ,家用电器
002036.SZ,纺织服装
002037.SZ,化工
002038.SZ,医药生物
002039.SZ,公用事业
002040.SZ,交通运输
002041.SZ,农林牧渔
002042.SZ,纺织服装
002043.SZ,建筑材料
002044.SZ,纺织服装
002045.SZ,电子
002046.SZ,机械设备
002047.SZ,建筑装饰
002048.SZ,汽车
002049.SZ,电子
002050.SZ,家用电器
002051.SZ,建筑装饰
002052.SZ,家用电器
002053.SZ,化工
002054.SZ,化工
002055.SZ,电子
002056.SZ,电子
002057.SZ,有色金属
002058.SZ,电气设备
002059.SZ,休闲服务
002060.SZ,建筑装饰
002061.SZ,化工
002062.SZ,建筑装饰
002063.SZ,计算机
002064.SZ,化工
002065.SZ,计算机
002066.SZ,建筑材料
002067.SZ,轻工制造
002068.SZ,化工
002069.SZ,农林牧渔
002070.SZ,纺织服装
002071.SZ,轻工制造
002072.SZ,纺织服装
002073.SZ,机械设备
002074.SZ,电气设备
002075.SZ,钢铁
002076.SZ,电子
002077.SZ,房地产
002078.SZ,轻工制造
002079.SZ,电子
002080.SZ,化工
002081.SZ,建筑装饰
002082.SZ,建筑材料
002083.SZ,纺织服装
002084.SZ,轻工制造
002085.SZ,汽车
002086.SZ,农林牧渔
002087.SZ,纺织服装
002088.SZ,建筑材料
002089.SZ,通信
002090.SZ,电气设备
002091.SZ,商业贸易
002092.SZ,化工
002093.SZ,通信
002094.SZ,轻工制造
002095.SZ,传媒
002096.SZ,化工
002097.SZ,机械设备
002098.SZ,纺织服装
002099.SZ,医药生物
002100.SZ,农林牧渔
002101.SZ,汽车
002102.SZ,商业贸易
002103.SZ,轻工制造
002104.SZ,通信
002105.SZ,汽车
002106.SZ,电子
002107.SZ,医药生物
002108.SZ,化工
002109.SZ,化工
002110.SZ,钢铁
002111.SZ,机械设备
002112.SZ,电气设备
002113.SZ,综合
002114.SZ,有色金属
002115.SZ,通信
002116.SZ,建筑装饰
002117.SZ,轻工制造
002118.SZ,医药生物
002119.SZ,电子
002120.SZ,轻工制造
002121.SZ,电气设备
002122.SZ,机械设备
002123.SZ,电气设备
002124.SZ,农林牧渔
002125.SZ,化工
002126.SZ,汽车
002127.SZ,化工
002128.SZ,采掘
002129.SZ,电子
002130.SZ,有色金属
002131.SZ,机械设备
002132.SZ,机械设备
002133.SZ,房地产
002134.SZ,电子
002135.SZ,建筑装饰
002136.SZ,化工
002137.SZ,电子
002138.SZ,电子
002139.SZ,电子
002140.SZ,建筑装饰
002141.SZ,电子
002142.SZ,银行
002143.SZ,农林牧渔
002144.SZ,纺织服装
002145.SZ,化工
002146.SZ,房地产
002147.SZ,机械设备
002148.SZ,传媒
002149.SZ,有色金属
002150.SZ,机械设备
002151.SZ,国防军工
002152.SZ,计算机
002153.SZ,计算机
002154.SZ,纺织服装
002155.SZ,有色金属
002156.SZ,电子
002157.SZ,农林牧渔
002158.SZ,机械设备
002159.SZ,休闲服务
002160.SZ,有色金属
002161.SZ,电子
002162.SZ,建筑材料
002163.SZ,建筑材料
002164.SZ,机械设备
002165.SZ,化工
002166.SZ,医药生物
002167.SZ,有色金属
002168.SZ,电气设备
002169.SZ,电气设备
002170.SZ,化工
002171.SZ,有色金属
002172.SZ,化工
002173.SZ,农林牧渔
002174.SZ,传媒
002175.SZ,机械设备
002176.SZ,电气设备
002177.SZ,计算机
002178.SZ,建筑装饰
002179.SZ,电子
002180.SZ,电气设备
002181.SZ,传媒
002182.SZ,有色金属
002183.SZ,交通运输
002184.SZ,电气设备
002185.SZ,电子
002186.SZ,休闲服务
002187.SZ,商业贸易
002188.SZ,电子
002189.SZ,电子
002190.SZ,国防军工
002191.SZ,轻工制造
002192.SZ,化工
002193.SZ,纺织服装
002194.SZ,通信
002195.SZ,计算机
002196.SZ,电气设备
002197.SZ,计算机
002198.SZ,医药生物
002199.SZ,电子
002200.SZ,建筑装饰
002201.SZ,化工
002202.SZ,电气设备
002203.SZ,有色金属
002204.SZ,机械设备
002205.SZ,建筑材料
002206.SZ,化工
002207.SZ,采掘
002208.SZ,房地产
002209.SZ,机械设备
002210.SZ,交通运输
002211.SZ,化工
002212.SZ,电气设备
002213.SZ,汽车
002214.SZ,电子
002215.SZ,化工
002216.SZ,食品饮料
002217.SZ,化工
002218.SZ,电气设备
002219.SZ,医药生物
002220.SZ,农林牧渔
002221.SZ,化工
002222.SZ,电子
002223.SZ,医药生物
002224.SZ,化工
002225.SZ,建筑材料
002226.SZ,化工
002227.SZ,电气设备
002228.SZ,轻工制造
002229.SZ,轻工制造
002230.SZ,计算机
002231.SZ,通信
002232.SZ,计算机
002233.SZ,建筑材料
002234.SZ,农林牧渔
002235.SZ,轻工制造
002236.SZ,计算机
002237.SZ,有色金属
002238.SZ,传媒
002239.SZ,纺织服装
002240.SZ,轻工制造
002241.SZ,电子
002242.SZ,家用电器
002243.SZ,轻工制造
002244.SZ,房地产
002245.SZ,交通运输
002246.SZ,化工
002247.SZ,轻工制造
002248.SZ,机械设备
002249.SZ,电气设备
002250.SZ,化工
002251.SZ,商业贸易
002252.SZ,医药生物
002253.SZ,计算机
002254.SZ,化工
002255.SZ,电气设备
002256.SZ,化工
002258.SZ,化工
002259.SZ,轻工制造
002260.SZ,家用电器
002261.SZ,传媒
002262.SZ,医药生物
002263.SZ,轻工制造
002264.SZ,商业贸易
002265.SZ,汽车
002266.SZ,电气设备
002267.SZ,公用事业
002268.SZ,计算机
002269.SZ,纺织服装
002270.SZ,机械设备
002271.SZ,建筑材料
002272.SZ,机械设备
002273.SZ,电子
002274.SZ,化工
002275.SZ,医药生物
002276.SZ,电气设备
002277.SZ,商业贸易
002278.SZ,机械设备
002279.SZ,计算机
002280.SZ,计算机
002281.SZ,通信
002282.SZ,机械设备
002283.SZ,汽车
002284.SZ,汽车
002285.SZ,房地产
002286.SZ,农林牧渔
002287.SZ,医药生物
002288.SZ,电子
002289.SZ,电子
002290.SZ,家用电器
002291.SZ,纺织服装
002292.SZ,传媒
002293.SZ,纺织服装
002294.SZ,医药生物
002295.SZ,有色金属
002296.SZ,计算机
002297.SZ,国防军工
002298.SZ,电气设备
002299.SZ,农林牧渔
002300.SZ,电气设备
002301.SZ,轻工制造
002302.SZ,建筑材料
002303.SZ,轻工制造
002304.SZ,食品饮料
002305.SZ,房地产
002306.SZ,休闲服务
002307.SZ,建筑装饰
002308.SZ,计算机
002309.SZ,电气设备
002310.SZ,建筑装饰
002311.SZ,农林牧渔
002312.SZ,计算机
002313.SZ,通信
002314.SZ,建筑材料
002315.SZ,传媒
002316.SZ,通信
002317.SZ,医药生物
002318.SZ,钢铁
002319.SZ,化工
002320.SZ,交通运输
002321.SZ,农林牧渔
002322.SZ,电气设备
002323.SZ,电气设备
002324.SZ,化工
002325.SZ,建筑装饰
002326.SZ,化工
002327.SZ,纺织服装
002328.SZ,汽车
002329.SZ,食品饮料
002330.SZ,食品饮料
002331.SZ,计算机
002332.SZ,医药生物
002333.SZ,建筑材料
002334.SZ,电气设备
002335.SZ,电气设备
002336.SZ,商业贸易
002337.SZ,机械设备
002338.SZ,机械设备
002339.SZ,电气设备
002340.SZ,有色金属
002341.SZ,公用事业
002342.SZ,机械设备
002343.SZ,化工
002344.SZ,商业贸易
002345.SZ,轻工制造
002346.SZ,建筑材料
002347.SZ,机械设备
002348.SZ,轻工制造
002349.SZ,医药生物
002350.SZ,电气设备
002351.SZ,电子
002352.SZ,机械设备
002353.SZ,机械设备
002354.SZ,传媒
002355.SZ,汽车
002356.SZ,电气设备
002357.SZ,交通运输
002358.SZ,电气设备
002359.SZ,电气设备
002360.SZ,化工
002361.SZ,化工
002362.SZ,计算机
002363.SZ,汽车
002364.SZ,电气设备
002365.SZ,医药生物
002366.SZ,家用电器
002367.SZ,机械设备
002368.SZ,计算机
002369.SZ,电子
002370.SZ,医药生物
002371.SZ,电子
002372.SZ,建筑材料
002373.SZ,计算机
002374.SZ,轻工制造
002375.SZ,建筑装饰
002376.SZ,计算机
002377.SZ,化工
002378.SZ,有色金属
002379.SZ,有色金属
002380.SZ,计算机
002381.SZ,化工
002382.SZ,化工
002383.SZ,计算机
002384.SZ,电子
002385.SZ,农林牧渔
002386.SZ,化工
002387.SZ,食品饮料
002388.SZ,电子
002389.SZ,电子
002390.SZ,医药生物
002391.SZ,化工
002392.SZ,建筑材料
002393.SZ,医药生物
002394.SZ,纺织服装
002395.SZ,化工
002396.SZ,通信
002397.SZ,纺织服装
002398.SZ,建筑材料
002399.SZ,医药生物
002400.SZ,传媒
002401.SZ,计算机
002402.SZ,电子
002403.SZ,家用电器
002404.SZ,纺织服装
002405.SZ,计算机
002406.SZ,汽车
002407.SZ,化工
002408.SZ,化工
002409.SZ,化工
002410.SZ,计算机
002411.SZ,化工
002412.SZ,医药生物
002413.SZ,家用电器
002414.SZ,电子
002415.SZ,计算机
002416.SZ,商业贸易
002417.SZ,通信
002418.SZ,家用电器
002419.SZ,商业贸易
002420.SZ,家用电器
002421.SZ,计算机
002422.SZ,医药生物
002423.SZ,机械设备
002424.SZ,医药生物
002425.SZ,纺织服装
002426.SZ,机械设备
002427.SZ,化工
002428.SZ,有色金属
002429.SZ,家用电器
002430.SZ,机械设备
002431.SZ,建筑装饰
002432.SZ,医药生物
002433.SZ,医药生物
002434.SZ,汽车
002435.SZ,机械设备
002436.SZ,电子
002437.SZ,医药生物
002438.SZ,机械设备
002439.SZ,计算机
002440.SZ,化工
002441.SZ,电气设备
002442.SZ,化工
002443.SZ,钢铁
002444.SZ,机械设备
002445.SZ,机械设备
002446.SZ,通信
002447.SZ,农林牧渔
002448.SZ,汽车
002449.SZ,电子
002450.SZ,化工
002451.SZ,电气设备
002452.SZ,电气设备
002453.SZ,化工
002454.SZ,汽车
002455.SZ,化工
002456.SZ,电子
002457.SZ,建筑材料
002458.SZ,农林牧渔
002459.SZ,机械设备
002460.SZ,有色金属
002461.SZ,食品饮料
002462.SZ,医药生物
002463.SZ,电子
002464.SZ,化工
002465.SZ,通信
002466.SZ,有色金属
002467.SZ,通信
002468.SZ,建筑材料
002469.SZ,建筑装饰
002470.SZ,化工
002471.SZ,电气设备
002472.SZ,汽车
002473.SZ,家用电器
002474.SZ,计算机
002475.SZ,电子
002476.SZ,化工
002477.SZ,农林牧渔
002478.SZ,钢铁
002479.SZ,公用事业
002480.SZ,机械设备
002481.SZ,食品饮料
002482.SZ,建筑装饰
002483.SZ,机械设备
002484.SZ,电子
002485.SZ,纺织服装
002486.SZ,纺织服装
002487.SZ,机械设备
002488.SZ,汽车
002489.SZ,轻工制造
002490.SZ,机械设备
002491.SZ,通信
002492.SZ,交通运输
002493.SZ,化工
002494.SZ,纺织服装
002495.SZ,食品饮料
002496.SZ,化工
002497.SZ,化工
002498.SZ,电气设备
002499.SZ,机械设备
002500.SZ,非银金融
002501.SZ,有色金属
002502.SZ,轻工制造
002503.SZ,纺织服装
002504.SZ,电子
002505.SZ,农林牧渔
002506.SZ,电气设备
002507.SZ,食品饮料
002508.SZ,家用电器
002509.SZ,机械设备
002510.SZ,机械设备
002511.SZ,轻工制造
002512.SZ,电子
002513.SZ,化工
002514.SZ,机械设备
002515.SZ,食品饮料
002516.SZ,纺织服装
002517.SZ,纺织服装
002518.SZ,电气设备
002519.SZ,家用电器
002520.SZ,机械设备
002521.SZ,轻工制造
002522.SZ,轻工制造
002523.SZ,机械设备
002524.SZ,建筑装饰
002526.SZ,机械设备
002527.SZ,电气设备
002528.SZ,计算机
002529.SZ,机械设备
002530.SZ,机械设备
002531.SZ,电气设备
002532.SZ,机械设备
002533.SZ,电气设备
002534.SZ,电气设备
002535.SZ,机械设备
002536.SZ,汽车
002537.SZ,机械设备
002538.SZ,化工
002539.SZ,化工
002540.SZ,有色金属
002541.SZ,建筑装饰
002542.SZ,建筑装饰
002543.SZ,家用电器
002544.SZ,通信
002545.SZ,电气设备
002546.SZ,电气设备
002547.SZ,电子
002548.SZ,农林牧渔
002549.SZ,化工
002550.SZ,医药生物
002551.SZ,医药生物
002552.SZ,机械设备
002553.SZ,汽车
002554.SZ,采掘
002555.SZ,传媒
002556.SZ,化工
002557.SZ,食品饮料
002558.SZ,休闲服务
002559.SZ,机械设备
002560.SZ,电气设备
002561.SZ,商业贸易
002562.SZ,化工
002563.SZ,纺织服装
002564.SZ,机械设备
002565.SZ,轻工制造
002566.SZ,医药生物
002567.SZ,农林牧渔
002568.SZ,食品饮料
002569.SZ,纺织服装
002570.SZ,食品饮料
002571.SZ,轻工制造
002572.SZ,轻工制造
002573.SZ,公用事业
002574.SZ,轻工制造
002575.SZ,轻工制造
002576.SZ,电气设备
002577.SZ,计算机
002578.SZ,有色金属
002579.SZ,电子
002580.SZ,电气设备
002581.SZ,化工
002582.SZ,食品饮料
002583.SZ,通信
002584.SZ,化工
002585.SZ,轻工制造
002586.SZ,建筑装饰
002587.SZ,电子
002588.SZ,化工
002589.SZ,医药生物
002590.SZ,汽车
002591.SZ,化工
002592.SZ,汽车
002593.SZ,汽车
002594.SZ,汽车
002595.SZ,机械设备
002596.SZ,建筑材料
002597.SZ,化工
002598.SZ,机械设备
002599.SZ,轻工制造
002600.SZ,有色金属
002601.SZ,化工
002602.SZ,汽车
002603.SZ,医药生物
002604.SZ,农林牧渔
002605.SZ,轻工制造
002606.SZ,电气设备
002607.SZ,汽车
002608.SZ,国防军工
002609.SZ,计算机
002610.SZ,电气设备
002611.SZ,机械设备
002612.SZ,纺织服装
002613.SZ,机械设备
002614.SZ,家用电器
002615.SZ,轻工制造
002616.SZ,家用电器
002617.SZ,电气设备
002618.SZ,电子
002619.SZ,建筑材料
002620.SZ,建筑装饰
002621.SZ,机械设备
002622.SZ,电气设备
002623.SZ,建筑材料
002624.SZ,建筑材料
002625.SZ,汽车
002626.SZ,医药生物
002627.SZ,交通运输
002628.SZ,建筑装饰
002629.SZ,采掘
002630.SZ,电气设备
002631.SZ,轻工制造
002632.SZ,化工
002633.SZ,机械设备
002634.SZ,纺织服装
002635.SZ,电子
002636.SZ,电子
002637.SZ,化工
002638.SZ,电子
002639.SZ,机械设备
002640.SZ,纺织服装
002641.SZ,建筑材料
002642.SZ,计算机
002643.SZ,化工
002644.SZ,医药生物
002645.SZ,机械设备
002646.SZ,食品饮料
002647.SZ,机械设备
002648.SZ,化工
002649.SZ,计算机
002650.SZ,食品饮料
002651.SZ,机械设备
002652.SZ,建筑材料
002653.SZ,医药生物
002654.SZ,电子
002655.SZ,电子
002656.SZ,纺织服装
002657.SZ,计算机
002658.SZ,机械设备
002659.SZ,建筑装饰
002660.SZ,电子
002661.SZ,食品饮料
002662.SZ,汽车
002663.SZ,建筑装饰
002664.SZ,汽车
002665.SZ,电气设备
002666.SZ,化工
002667.SZ,机械设备
002668.SZ,家用电器
002669.SZ,化工
002670.SZ,家用电器
002671.SZ,建筑材料
002672.SZ,公用事业
002673.SZ,非银金融
002674.SZ,纺织服装
002675.SZ,医药生物
002676.SZ,家用电器
002677.SZ,家用电器
002678.SZ,轻工制造
002679.SZ,农林牧渔
002680.SZ,机械设备
002681.SZ,家用电器
002682.SZ,交通运输
002683.SZ,化工
002684.SZ,汽车
002685.SZ,机械设备
002686.SZ,机械设备
002687.SZ,纺织服装
002688.SZ,农林牧渔
002689.SZ,机械设备
002690.SZ,机械设备
002691.SZ,机械设备
002692.SZ,电气设备
002693.SZ,医药生物
002694.SZ,建筑材料
002695.SZ,食品饮料
002696.SZ,农林牧渔
002697.SZ,商业贸易
002698.SZ,机械设备
002699.SZ,纺织服装
002700.SZ,公用事业
002701.SZ,轻工制造
002702.SZ,食品饮料
002703.SZ,汽车
002705.SZ,家用电器
002706.SZ,电气设备
002707.SZ,休闲服务
002708.SZ,汽车
002709.SZ,化工
002711.SZ,交通运输
002712.SZ,传媒
002713.SZ,建筑装饰
002714.SZ,农林牧渔
002715.SZ,汽车
002716.SZ,有色金属
002717.SZ,建筑装饰
002718.SZ,建筑材料
002719.SZ,食品饮料
002721.SZ,轻工制造
002722.SZ,机械设备
002723.SZ,家用电器
002724.SZ,电子
002725.SZ,汽车
002726.SZ,食品饮料
002727.SZ,医药生物
002728.SZ,医药生物
002729.SZ,电子
002730.SZ,机械设备
002731.SZ,轻工制造
002732.SZ,食品饮料
002733.SZ,电气设备
002734.SZ,化工
002735.SZ,轻工制造
002736.SZ,非银金融
002737.SZ,医药生物
002738.SZ,采掘
002739.SZ,传媒
002740.SZ,轻工制造
002741.SZ,化工
002742.SZ,建筑材料
002743.SZ,建筑装饰
002745.SZ,电子
002746.SZ,农林牧渔
002747.SZ,机械设备
002748.SZ,化工
002749.SZ,化工
002750.SZ,医药生物
300001.SZ,电气设备
300002.SZ,计算机
300003.SZ,医药生物
300004.SZ,机械设备
300005.SZ,纺织服装
300006.SZ,医药生物
300007.SZ,机械设备
300008.SZ,国防军工
300009.SZ,医药生物
300010.SZ,计算机
300011.SZ,电气设备
300012.SZ,综合
300013.SZ,交通运输
300014.SZ,电子
300015.SZ,医药生物
300016.SZ,医药生物
300017.SZ,通信
300018.SZ,电气设备
300019.SZ,化工
300020.SZ,计算机
300021.SZ,农林牧渔
300022.SZ,商业贸易
300023.SZ,机械设备
300024.SZ,机械设备
300025.SZ,通信
300026.SZ,医药生物
300027.SZ,传媒
300028.SZ,通信
300029.SZ,电气设备
300030.SZ,医药生物
300031.SZ,化工
300032.SZ,电子
300033.SZ,计算机
300034.SZ,机械设备
300035.SZ,机械设备
300036.SZ,计算机
300037.SZ,化工
300038.SZ,通信
300039.SZ,医药生物
300040.SZ,电气设备
300041.SZ,化工
300042.SZ,计算机
300043.SZ,传媒
300044.SZ,计算机
300045.SZ,计算机
300046.SZ,电子
300047.SZ,计算机
300048.SZ,电气设备
300049.SZ,医药生物
300050.SZ,通信
300051.SZ,计算机
300052.SZ,传媒
300053.SZ,电子
300054.SZ,化工
300055.SZ,公用事业
300056.SZ,公用事业
300057.SZ,轻工制造
300058.SZ,传媒
300059.SZ,传媒
300061.SZ,轻工制造
300062.SZ,电气设备
300063.SZ,化工
300064.SZ,机械设备
300065.SZ,计算机
300066.SZ,机械设备
300067.SZ,化工
300068.SZ,电气设备
300069.SZ,电气设备
300070.SZ,公用事业
300071.SZ,传媒
300072.SZ,化工
300073.SZ,化工
300074.SZ,计算机
300075.SZ,计算机
300076.SZ,电子
300077.SZ,电子
300078.SZ,电子
300079.SZ,计算机
300080.SZ,机械设备
300081.SZ,通信
300082.SZ,化工
300083.SZ,电子
300084.SZ,采掘
300085.SZ,计算机
300086.SZ,医药生物
300087.SZ,农林牧渔
300088.SZ,电子
300089.SZ,轻工制造
300090.SZ,公用事业
300091.SZ,机械设备
300092.SZ,机械设备
300093.SZ,建筑材料
300094.SZ,农林牧渔
300095.SZ,机械设备
300096.SZ,计算机
300097.SZ,机械设备
300098.SZ,通信
300099.SZ,机械设备
300100.SZ,汽车
300101.SZ,国防军工
300102.SZ,电子
300103.SZ,机械设备
300104.SZ,传媒
300105.SZ,电气设备
300106.SZ,农林牧渔
300107.SZ,化工
300108.SZ,化工
300109.SZ,化工
300110.SZ,医药生物
300111.SZ,电气设备
300112.SZ,机械设备
300113.SZ,传媒
300114.SZ,机械设备
300115.SZ,电子
300116.SZ,机械设备
300117.SZ,建筑材料
300118.SZ,电气设备
300119.SZ,农林牧渔
300120.SZ,电气设备
300121.SZ,化工
300122.SZ,医药生物
300123.SZ,国防军工
300124.SZ,电气设备
300125.SZ,公用事业
300126.SZ,机械设备
300127.SZ,有色金属
300128.SZ,电子
300129.SZ,电气设备
300130.SZ,计算机
300131.SZ,电子
300132.SZ,化工
300133.SZ,传媒
300134.SZ,通信
300135.SZ,化工
300136.SZ,电子
300137.SZ,机械设备
300138.SZ,农林牧渔
300139.SZ,电子
300140.SZ,电气设备
300141.SZ,电气设备
300142.SZ,医药生物
300143.SZ,农林牧渔
300144.SZ,休闲服务
300145.SZ,机械设备
300146.SZ,食品饮料
300147.SZ,医药生物
300148.SZ,传媒
300149.SZ,农林牧渔
300150.SZ,计算机
300151.SZ,机械设备
300152.SZ,电气设备
300153.SZ,电气设备
300154.SZ,机械设备
300155.SZ,计算机
300156.SZ,公用事业
300157.SZ,采掘
300158.SZ,医药生物
300159.SZ,机械设备
300160.SZ,家用电器
300161.SZ,机械设备
300162.SZ,电子
300163.SZ,化工
300164.SZ,采掘
300165.SZ,机械设备
300166.SZ,计算机
300167.SZ,计算机
300168.SZ,计算机
300169.SZ,化工
300170.SZ,计算机
300171.SZ,医药生物
300172.SZ,公用事业
300173.SZ,机械设备
300174.SZ,化工
300175.SZ,农林牧渔
300176.SZ,汽车
300177.SZ,计算机
300178.SZ,休闲服务
300179.SZ,机械设备
300180.SZ,化工
300181.SZ,医药生物
300182.SZ,计算机
300183.SZ,电子
300184.SZ,电子
300185.SZ,机械设备
300186.SZ,农林牧渔
300187.SZ,公用事业
300188.SZ,计算机
300189.SZ,农林牧渔
300190.SZ,公用事业
300191.SZ,采掘
300192.SZ,化工
300193.SZ,机械设备
300194.SZ,医药生物
300195.SZ,机械设备
300196.SZ,化工
300197.SZ,建筑装饰
300198.SZ,建筑材料
300199.SZ,医药生物
300200.SZ,化工
300201.SZ,机械设备
300202.SZ,计算机
300203.SZ,机械设备
300204.SZ,医药生物
300205.SZ,通信
300206.SZ,医药生物
300207.SZ,电子
300208.SZ,电气设备
300209.SZ,计算机
300210.SZ,机械设备
300211.SZ,通信
300212.SZ,计算机
300213.SZ,通信
300214.SZ,化工
300215.SZ,电气设备
300216.SZ,医药生物
300217.SZ,家用电器
300218.SZ,化工
300219.SZ,电子
300220.SZ,电子
300221.SZ,化工
300222.SZ,电气设备
300223.SZ,电子
300224.SZ,有色金属
300225.SZ,化工
300226.SZ,传媒
300227.SZ,电子
300228.SZ,机械设备
300229.SZ,计算机
300230.SZ,化工
300231.SZ,计算机
300232.SZ,电子
300233.SZ,医药生物
300234.SZ,建筑材料
300235.SZ,计算机
300236.SZ,化工
300237.SZ,汽车
300238.SZ,医药生物
300239.SZ,医药生物
300240.SZ,交通运输
300241.SZ,电子
300242.SZ,电气设备
300243.SZ,化工
300244.SZ,医药生物
300245.SZ,计算机
300246.SZ,医药生物
300247.SZ,家用电器
300248.SZ,计算机
300249.SZ,家用电器
300250.SZ,通信
300251.SZ,传媒
300252.SZ,通信
300253.SZ,计算机
300254.SZ,医药生物
300255.SZ,医药生物
300256.SZ,电子
300257.SZ,机械设备
300258.SZ,汽车
300259.SZ,机械设备
300260.SZ,机械设备
300261.SZ,医药生物
300262.SZ,公用事业
300263.SZ,机械设备
300264.SZ,计算机
300265.SZ,电气设备
300266.SZ,公用事业
300267.SZ,医药生物
300268.SZ,农林牧渔
300269.SZ,电子
300270.SZ,计算机
300271.SZ,计算机
300272.SZ,家用电器
300273.SZ,医药生物
300274.SZ,电气设备
300275.SZ,机械设备
300276.SZ,机械设备
300277.SZ,计算机
300278.SZ,机械设备
300279.SZ,电子
300280.SZ,机械设备
300281.SZ,机械设备
300282.SZ,电子
300283.SZ,电气设备
300284.SZ,建筑装饰
300285.SZ,化工
300286.SZ,电气设备
300287.SZ,计算机
300288.SZ,传媒
300289.SZ,医药生物
300290.SZ,计算机
300291.SZ,传媒
300292.SZ,通信
300293.SZ,机械设备
300294.SZ,医药生物
300295.SZ,传媒
300296.SZ,电子
300297.SZ,计算机
300298.SZ,医药生物
300299.SZ,通信
300300.SZ,计算机
300301.SZ,电子
300302.SZ,计算机
300303.SZ,电子
300304.SZ,汽车
300305.SZ,化工
300306.SZ,机械设备
300307.SZ,机械设备
300308.SZ,电气设备
300309.SZ,机械设备
300310.SZ,通信
300311.SZ,计算机
300312.SZ,通信
300313.SZ,农林牧渔
300314.SZ,医药生物
300315.SZ,传媒
300316.SZ,电气设备
300317.SZ,电子
300318.SZ,医药生物
300319.SZ,电子
300320.SZ,化工
300321.SZ,化工
300322.SZ,电子
300323.SZ,电子
300324.SZ,计算机
300325.SZ,化工
300326.SZ,医药生物
300327.SZ,电子
300328.SZ,电子
300329.SZ,轻工制造
300330.SZ,计算机
300331.SZ,电子
300332.SZ,公用事业
300333.SZ,计算机
300334.SZ,公用事业
300335.SZ,公用事业
300336.SZ,传媒
300337.SZ,有色金属
300338.SZ,机械设备
300339.SZ,计算机
300340.SZ,电子
300341.SZ,电气设备
300342.SZ,家用电器
300343.SZ,化工
300344.SZ,建筑材料
300345.SZ,机械设备
300346.SZ,电子
300347.SZ,医药生物
300348.SZ,计算机
300349.SZ,机械设备
300350.SZ,交通运输
300351.SZ,机械设备
300352.SZ,计算机
300353.SZ,通信
300354.SZ,机械设备
300355.SZ,建筑装饰
300356.SZ,电气设备
300357.SZ,医药生物
300358.SZ,医药生物
300359.SZ,传媒
300360.SZ,电气设备
300362.SZ,电气设备
300363.SZ,医药生物
300364.SZ,传媒
300365.SZ,计算机
300366.SZ,计算机
300367.SZ,计算机
300368.SZ,计算机
300369.SZ,计算机
300370.SZ,采掘
300371.SZ,机械设备
300372.SZ,电气设备
300373.SZ,电子
300374.SZ,建筑材料
300375.SZ,汽车
300376.SZ,电气设备
300377.SZ,计算机
300378.SZ,计算机
300379.SZ,计算机
300380.SZ,计算机
300381.SZ,医药生物
300382.SZ,机械设备
300383.SZ,传媒
300384.SZ,计算机
300385.SZ,机械设备
300386.SZ,计算机
300387.SZ,化工
300388.SZ,公用事业
300389.SZ,电子
300390.SZ,电子
300391.SZ,机械设备
300392.SZ,传媒
300393.SZ,电气设备
300394.SZ,电子
300395.SZ,有色金属
300396.SZ,医药生物
300397.SZ,机械设备
300398.SZ,化工
300399.SZ,计算机
300400.SZ,机械设备
300401.SZ,医药生物
300402.SZ,机械设备
300403.SZ,家用电器
300405.SZ,化工
300406.SZ,医药生物
300407.SZ,电气设备
300408.SZ,电子
300409.SZ,化工
300410.SZ,电子
300411.SZ,机械设备
300412.SZ,医药生物
300413.SZ,商业贸易
300415.SZ,机械设备
300416.SZ,机械设备
300417.SZ,机械设备
300418.SZ,传媒
300419.SZ,计算机
300420.SZ,机械设备
300421.SZ,机械设备
300422.SZ,公用事业
300423.SZ,电气设备
300425.SZ,公用事业
300426.SZ,传媒
300427.SZ,电气设备
300428.SZ,有色金属
300429.SZ,化工
300430.SZ,机械设备
300431.SZ,传媒
300432.SZ,汽车
300433.SZ,电子
300435.SZ,机械设备
600000.SH,银行
600004.SH,交通运输
600005.SH,钢铁
600006.SH,汽车
600007.SH,房地产
600008.SH,公用事业
600009.SH,交通运输
600010.SH,钢铁
600011.SH,公用事业
600012.SH,交通运输
600015.SH,银行
600016.SH,银行
600017.SH,交通运输
600018.SH,交通运输
600019.SH,钢铁
600020.SH,交通运输
600021.SH,公用事业
600022.SH,钢铁
600023.SH,公用事业
600026.SH,交通运输
600027.SH,公用事业
600028.SH,化工
600029.SH,交通运输
600030.SH,非银金融
600031.SH,机械设备
600033.SH,交通运输
600035.SH,交通运输
600036.SH,银行
600037.SH,传媒
600038.SH,国防军工
600039.SH,建筑装饰
600048.SH,房地产
600050.SH,通信
600051.SH,综合
600052.SH,房地产
600053.SH,综合
600054.SH,休闲服务
600055.SH,医药生物
600056.SH,医药生物
600057.SH,交通运输
600058.SH,商业贸易
600059.SH,食品饮料
600060.SH,家用电器
600061.SH,化工
600062.SH,医药生物
600063.SH,化工
600064.SH,房地产
600066.SH,汽车
600067.SH,房地产
600068.SH,建筑装饰
600069.SH,轻工制造
600070.SH,纺织服装
600071.SH,电子
600072.SH,国防军工
600073.SH,食品饮料
600074.SH,电子
600075.SH,化工
600076.SH,通信
600077.SH,交通运输
600078.SH,化工
600079.SH,医药生物
600080.SH,医药生物
600081.SH,汽车
600082.SH,商业贸易
600083.SH,综合
600084.SH,食品饮料
600085.SH,医药生物
600086.SH,轻工制造
600088.SH,传媒
600089.SH,电气设备
600090.SH,食品饮料
600091.SH,化工
600093.SH,汽车
600094.SH,房地产
600095.SH,房地产
600096.SH,化工
600097.SH,农林牧渔
600098.SH,公用事业
600099.SH,汽车
600100.SH,计算机
600101.SH,公用事业
600103.SH,轻工制造
600104.SH,汽车
600105.SH,通信
600106.SH,交通运输
600107.SH,纺织服装
600108.SH,农林牧渔
600109.SH,非银金融
600110.SH,电气设备
600111.SH,有色金属
600112.SH,电气设备
600113.SH,房地产
600114.SH,有色金属
600115.SH,交通运输
600116.SH,公用事业
600117.SH,钢铁
600118.SH,国防军工
600119.SH,交通运输
600120.SH,商业贸易
600121.SH,采掘
600122.SH,商业贸易
600123.SH,采掘
600125.SH,交通运输
600126.SH,钢铁
600127.SH,农林牧渔
600128.SH,商业贸易
600129.SH,医药生物
600130.SH,通信
600131.SH,公用事业
600132.SH,食品饮料
600133.SH,综合
600135.SH,轻工制造
600136.SH,综合
600137.SH,纺织服装
600138.SH,休闲服务
600139.SH,有色金属
600141.SH,化工
600143.SH,化工
600145.SH,建筑材料
600146.SH,有色金属
600148.SH,汽车
600149.SH,房地产
600150.SH,国防军工
600151.SH,电气设备
600152.SH,纺织服装
600153.SH,交通运输
600155.SH,化工
600156.SH,纺织服装
600157.SH,采掘
600158.SH,房地产
600159.SH,房地产
600160.SH,化工
600161.SH,医药生物
600162.SH,房地产
600163.SH,轻工制造
600165.SH,机械设备
600166.SH,汽车
600167.SH,公用事业
600168.SH,公用事业
600169.SH,机械设备
600170.SH,建筑装饰
600171.SH,电子
600172.SH,机械设备
600173.SH,房地产
600175.SH,房地产
600176.SH,化工
600177.SH,纺织服装
600178.SH,汽车
600179.SH,采掘
600180.SH,交通运输
600182.SH,化工
600183.SH,电子
600184.SH,国防军工
600185.SH,房地产
600186.SH,食品饮料
600187.SH,公用事业
600188.SH,采掘
600189.SH,农林牧渔
600190.SH,交通运输
600191.SH,农林牧渔
600192.SH,电气设备
600193.SH,采掘
600195.SH,农林牧渔
600196.SH,医药生物
600197.SH,食品饮料
600198.SH,通信
600199.SH,食品饮料
600200.SH,综合
600201.SH,农林牧渔
600202.SH,电气设备
600203.SH,电子
600206.SH,电子
600207.SH,综合
600208.SH,房地产
600209.SH,建筑装饰
600210.SH,轻工制造
600211.SH,医药生物
600212.SH,综合
600213.SH,汽车
600215.SH,房地产
600216.SH,医药生物
600217.SH,建筑材料
600218.SH,机械设备
600219.SH,有色金属
600220.SH,纺织服装
600221.SH,交通运输
600222.SH,医药生物
600223.SH,房地产
600225.SH,房地产
600226.SH,农林牧渔
600227.SH,化工
600228.SH,化工
600229.SH,化工
600230.SH,化工
600231.SH,钢铁
600232.SH,纺织服装
600233.SH,纺织服装
600234.SH,综合
600235.SH,轻工制造
600236.SH,公用事业
600237.SH,电子
600238.SH,食品饮料
600239.SH,房地产
600240.SH,房地产
600241.SH,商业贸易
600242.SH,交通运输
600243.SH,机械设备
600246.SH,房地产
600247.SH,商业贸易
600248.SH,建筑装饰
600249.SH,化工
600250.SH,商业贸易
600251.SH,化工
600252.SH,医药生物
600255.SH,有色金属
600256.SH,化工
600257.SH,农林牧渔
600258.SH,休闲服务
600259.SH,有色金属
600260.SH,综合
600261.SH,电子
600262.SH,机械设备
600265.SH,农林牧渔
600266.SH,房地产
600267.SH,医药生物
600268.SH,电气设备
600269.SH,交通运输
600270.SH,交通运输
600271.SH,计算机
600272.SH,纺织服装
600273.SH,纺织服装
600275.SH,综合
600276.SH,医药生物
600277.SH,综合
600278.SH,商业贸易
600279.SH,交通运输
600280.SH,商业贸易
600281.SH,化工
600282.SH,钢铁
600283.SH,公用事业
600284.SH,建筑装饰
600285.SH,医药生物
600287.SH,商业贸易
600288.SH,电子
600289.SH,通信
600290.SH,电气设备
600291.SH,非银金融
600292.SH,公用事业
600293.SH,建筑材料
600295.SH,采掘
600297.SH,医药生物
600298.SH,农林牧渔
600299.SH,化工
600300.SH,食品饮料
600301.SH,化工
600302.SH,机械设备
600303.SH,汽车
600305.SH,食品饮料
600306.SH,商业贸易
600307.SH,钢铁
600308.SH,轻工制造
600309.SH,化工
600310.SH,公用事业
600311.SH,有色金属
600312.SH,电气设备
600313.SH,农林牧渔
600315.SH,化工
600316.SH,国防军工
600317.SH,交通运输
600318.SH,建筑材料
600319.SH,化工
600320.SH,机械设备
600321.SH,建筑材料
600322.SH,房地产
600323.SH,公用事业
600325.SH,房地产
600326.SH,建筑装饰
600327.SH,商业贸易
600328.SH,化工
600329.SH,医药生物
600330.SH,有色金属
600331.SH,有色金属
600332.SH,医药生物
600333.SH,公用事业
600335.SH,汽车
600336.SH,家用电器
600337.SH,轻工制造
600338.SH,有色金属
600339.SH,化工
600340.SH,房地产
600343.SH,国防军工
600345.SH,通信
600346.SH,机械设备
600348.SH,采掘
600350.SH,交通运输
600351.SH,医药生物
600352.SH,化工
600353.SH,电气设备
600354.SH,农林牧渔
600355.SH,通信
600356.SH,轻工制造
600358.SH,休闲服务
600359.SH,农林牧渔
600360.SH,电子
600361.SH,商业贸易
600362.SH,有色金属
600363.SH,电子
600365.SH,食品饮料
600366.SH,有色金属
600367.SH,化工
600368.SH,交通运输
600369.SH,非银金融
600370.SH,纺织服装
600371.SH,农林牧渔
600372.SH,国防军工
600373.SH,传媒
600375.SH,机械设备
600376.SH,房地产
600377.SH,交通运输
600378.SH,化工
600379.SH,电气设备
600380.SH,医药生物
600381.SH,采掘
600382.SH,机械设备
600383.SH,房地产
600385.SH,医药生物
600386.SH,传媒
600387.SH,化工
600388.SH,机械设备
600389.SH,化工
600390.SH,有色金属
600391.SH,国防军工
600392.SH,有色金属
600393.SH,房地产
600395.SH,采掘
600396.SH,公用事业
600397.SH,采掘
600398.SH,纺织服装
600399.SH,钢铁
600400.SH,纺织服装
600401.SH,电气设备
600403.SH,采掘
600405.SH,电气设备
600406.SH,电气设备
600408.SH,采掘
600409.SH,化工
600410.SH,计算机
600415.SH,商业贸易
600416.SH,电气设备
600418.SH,汽车
600419.SH,综合
600420.SH,医药生物
600421.SH,综合
600422.SH,医药生物
600423.SH,化工
600425.SH,建筑材料
600426.SH,化工
600428.SH,交通运输
600429.SH,食品饮料
600432.SH,有色金属
600433.SH,轻工制造
600435.SH,国防军工
600436.SH,医药生物
600438.SH,农林牧渔
600439.SH,轻工制造
600444.SH,化工
600446.SH,计算机
600448.SH,纺织服装
600449.SH,建筑材料
600452.SH,公用事业
600455.SH,计算机
600456.SH,有色金属
600458.SH,化工
600459.SH,有色金属
600460.SH,电子
600461.SH,公用事业
600462.SH,轻工制造
600463.SH,房地产
600466.SH,医药生物
600467.SH,农林牧渔
600468.SH,电气设备
600469.SH,化工
600470.SH,化工
600475.SH,电气设备
600476.SH,计算机
600477.SH,建筑装饰
600478.SH,有色金属
600479.SH,医药生物
600480.SH,汽车
600481.SH,机械设备
600482.SH,汽车
600483.SH,纺织服装
600485.SH,通信
600486.SH,化工
600487.SH,通信
600488.SH,医药生物
600489.SH,有色金属
600490.SH,有色金属
600491.SH,建筑装饰
600493.SH,纺织服装
600495.SH,机械设备
600496.SH,建筑装饰
600497.SH,有色金属
600498.SH,通信
600499.SH,机械设备
600500.SH,化工
600501.SH,机械设备
600502.SH,建筑装饰
600503.SH,房地产
600505.SH,公用事业
600506.SH,农林牧渔
600507.SH,钢铁
600508.SH,采掘
600509.SH,公用事业
600510.SH,纺织服装
600511.SH,医药生物
600512.SH,建筑装饰
600513.SH,医药生物
600515.SH,商业贸易
600516.SH,有色金属
600517.SH,电气设备
600518.SH,医药生物
600519.SH,食品饮料
600520.SH,机械设备
600521.SH,医药生物
600522.SH,通信
600523.SH,汽车
600525.SH,电气设备
600526.SH,机械设备
600527.SH,化工
600528.SH,建筑装饰
600529.SH,医药生物
600530.SH,医药生物
600531.SH,有色金属
600532.SH,采掘
600533.SH,房地产
600535.SH,医药生物
600536.SH,计算机
600537.SH,电气设备
600538.SH,化工
600539.SH,建筑材料
600540.SH,农林牧渔
600543.SH,食品饮料
600545.SH,建筑装饰
600546.SH,采掘
600547.SH,有色金属
600548.SH,交通运输
600549.SH,有色金属
600550.SH,电气设备
600551.SH,传媒
600552.SH,建筑材料
600555.SH,房地产
600556.SH,综合
600557.SH,医药生物
600558.SH,机械设备
600559.SH,食品饮料
600560.SH,机械设备
600561.SH,交通运输
600562.SH,建筑材料
600563.SH,电子
600565.SH,房地产
600566.SH,医药生物
600567.SH,轻工制造
600568.SH,房地产
600569.SH,钢铁
600570.SH,计算机
600571.SH,计算机
600572.SH,医药生物
600573.SH,食品饮料
600575.SH,交通运输
600576.SH,房地产
600577.SH,机械设备
600578.SH,公用事业
600579.SH,机械设备
600580.SH,电气设备
600581.SH,钢铁
600582.SH,机械设备
600583.SH,采掘
600584.SH,电子
600585.SH,建筑材料
600586.SH,建筑材料
600587.SH,医药生物
600588.SH,计算机
600589.SH,化工
600590.SH,电气设备
600592.SH,机械设备
600593.SH,休闲服务
600594.SH,医药生物
600595.SH,有色金属
600596.SH,化工
600597.SH,食品饮料
600598.SH,农林牧渔
600599.SH,轻工制造
600600.SH,食品饮料
600601.SH,计算机
600602.SH,电子
600603.SH,综合
600604.SH,房地产
600605.SH,商业贸易
600606.SH,房地产
600608.SH,综合
600609.SH,汽车
600610.SH,机械设备
600611.SH,交通运输
600612.SH,轻工制造
600613.SH,医药生物
600614.SH,综合
600615.SH,房地产
600616.SH,食品饮料
600617.SH,公用事业
600618.SH,化工
600619.SH,家用电器
600620.SH,房地产
600621.SH,房地产
600622.SH,房地产
600623.SH,化工
600624.SH,综合
600626.SH,纺织服装
600628.SH,商业贸易
600629.SH,建筑材料
600630.SH,纺织服装
600633.SH,传媒
600634.SH,综合
600635.SH,非银金融
600636.SH,化工
600637.SH,传媒
600638.SH,房地产
600639.SH,房地产
600640.SH,休闲服务
600641.SH,房地产
600642.SH,公用事业
600643.SH,非银金融
600644.SH,公用事业
600645.SH,医药生物
600647.SH,房地产
600648.SH,房地产
600649.SH,房地产
600650.SH,交通运输
600651.SH,电子
600652.SH,采掘
600653.SH,汽车
600654.SH,电子
600655.SH,商业贸易
600656.SH,公用事业
600657.SH,房地产
600658.SH,房地产
600660.SH,汽车
600661.SH,传媒
600662.SH,交通运输
600663.SH,房地产
600664.SH,医药生物
600665.SH,房地产
600666.SH,医药生物
600667.SH,电子
600668.SH,建筑材料
600671.SH,医药生物
600673.SH,有色金属
600674.SH,公用事业
600675.SH,房地产
600676.SH,交通运输
600677.SH,国防军工
600678.SH,建筑材料
600679.SH,汽车
600680.SH,计算机
600681.SH,建筑装饰
600682.SH,商业贸易
600683.SH,房地产
600684.SH,房地产
600685.SH,国防军工
600686.SH,汽车
600687.SH,有色金属
600688.SH,化工
600689.SH,纺织服装
600690.SH,家用电器
600691.SH,化工
600692.SH,交通运输
600693.SH,商业贸易
600694.SH,商业贸易
600695.SH,农林牧渔
600696.SH,房地产
600697.SH,商业贸易
600698.SH,汽车
600699.SH,汽车
600701.SH,综合
600702.SH,食品饮料
600703.SH,电子
600704.SH,商业贸易
600705.SH,非银金融
600706.SH,休闲服务
600707.SH,电子
600708.SH,综合
600710.SH,机械设备
600711.SH,有色金属
600712.SH,商业贸易
600713.SH,医药生物
600714.SH,采掘
600715.SH,汽车
600716.SH,房地产
600717.SH,交通运输
600718.SH,计算机
600719.SH,公用事业
600720.SH,建筑材料
600721.SH,采掘
600722.SH,化工
600723.SH,商业贸易
600724.SH,房地产
600725.SH,化工
600726.SH,公用事业
600727.SH,化工
600728.SH,计算机
600729.SH,商业贸易
600730.SH,综合
600731.SH,化工
600732.SH,房地产
600733.SH,综合
600734.SH,房地产
600735.SH,商业贸易
600736.SH,房地产
600737.SH,农林牧渔
600738.SH,商业贸易
600739.SH,商业贸易
600740.SH,采掘
600741.SH,汽车
600742.SH,汽车
600743.SH,房地产
600744.SH,公用事业
600745.SH,房地产
600746.SH,化工
600747.SH,非银金融
600748.SH,房地产
600749.SH,休闲服务
600750.SH,医药生物
600751.SH,交通运输
600753.SH,房地产
600754.SH,休闲服务
600755.SH,商业贸易
600756.SH,计算机
600757.SH,传媒
600758.SH,公用事业
600759.SH,房地产
600760.SH,国防军工
600761.SH,机械设备
600763.SH,医药生物
600764.SH,计算机
600765.SH,机械设备
600766.SH,有色金属
600767.SH,房地产
600768.SH,有色金属
600769.SH,公用事业
600770.SH,综合
600771.SH,医药生物
600773.SH,房地产
600774.SH,商业贸易
600775.SH,通信
600776.SH,通信
600777.SH,房地产
600778.SH,商业贸易
600779.SH,食品饮料
600780.SH,公用事业
600781.SH,医药生物
600782.SH,钢铁
600783.SH,非银金融
600784.SH,钢铁
600785.SH,商业贸易
600787.SH,交通运输
600789.SH,医药生物
600790.SH,商业贸易
600791.SH,房地产
600792.SH,采掘
600793.SH,轻工制造
600794.SH,交通运输
600795.SH,公用事业
600796.SH,医药生物
600797.SH,计算机
600798.SH,交通运输
600800.SH,电子
600801.SH,建筑材料
600802.SH,建筑材料
600803.SH,化工
600804.SH,传媒
600805.SH,汽车
600806.SH,机械设备
600807.SH,房地产
600808.SH,钢铁
600809.SH,食品饮料
600810.SH,化工
600811.SH,综合
600812.SH,医药生物
600814.SH,商业贸易
600815.SH,机械设备
600816.SH,非银金融
600817.SH,综合
600818.SH,综合
600819.SH,建筑材料
600820.SH,建筑装饰
600821.SH,商业贸易
600822.SH,商业贸易
600823.SH,房地产
600824.SH,商业贸易
600825.SH,传媒
600826.SH,商业贸易
600827.SH,商业贸易
600828.SH,商业贸易
600829.SH,医药生物
600830.SH,非银金融
600831.SH,传媒
600832.SH,传媒
600833.SH,医药生物
600834.SH,交通运输
600835.SH,机械设备
600836.SH,轻工制造
600837.SH,非银金融
600838.SH,商业贸易
600839.SH,家用电器
600841.SH,机械设备
600843.SH,机械设备
600844.SH,化工
600845.SH,计算机
600846.SH,综合
600847.SH,电气设备
600848.SH,机械设备
600850.SH,计算机
600851.SH,综合
600853.SH,建筑装饰
600854.SH,家用电器
600855.SH,计算机
600856.SH,商业贸易
600857.SH,商业贸易
600858.SH,商业贸易
600859.SH,商业贸易
600860.SH,机械设备
600861.SH,商业贸易
600862.SH,机械设备
600863.SH,公用事业
600864.SH,公用事业
600865.SH,商业贸易
600866.SH,食品饮料
600867.SH,医药生物
600868.SH,公用事业
600869.SH,电气设备
600870.SH,家用电器
600871.SH,化工
600872.SH,食品饮料
600873.SH,食品饮料
600874.SH,公用事业
600875.SH,电气设备
600876.SH,建筑材料
600877.SH,汽车
600879.SH,国防军工
600880.SH,传媒
600881.SH,建筑材料
600882.SH,采掘
600883.SH,综合
600884.SH,综合
600885.SH,电气设备
600886.SH,公用事业
600887.SH,食品饮料
600888.SH,有色金属
600889.SH,化工
600890.SH,房地产
600891.SH,商业贸易
600892.SH,综合
600893.SH,国防军工
600894.SH,机械设备
600895.SH,房地产
600896.SH,交通运输
600897.SH,交通运输
600898.SH,商业贸易
600900.SH,公用事业
600917.SH,公用事业
600958.SH,非银金融
600960.SH,机械设备
600961.SH,有色金属
600962.SH,农林牧渔
600963.SH,轻工制造
600965.SH,农林牧渔
600966.SH,轻工制造
600967.SH,机械设备
600969.SH,公用事业
600970.SH,建筑装饰
600971.SH,采掘
600973.SH,电气设备
600975.SH,农林牧渔
600976.SH,医药生物
600978.SH,轻工制造
600979.SH,公用事业
600980.SH,有色金属
600981.SH,商业贸易
600982.SH,公用事业
600983.SH,家用电器
600984.SH,机械设备
600985.SH,化工
600986.SH,建筑装饰
600987.SH,纺织服装
600988.SH,有色金属
600990.SH,国防军工
600992.SH,机械设备
600993.SH,医药生物
600995.SH,公用事业
600997.SH,采掘
600998.SH,医药生物
600999.SH,非银金融
601000.SH,交通运输
601001.SH,采掘
601002.SH,机械设备
601003.SH,钢铁
601005.SH,钢铁
601006.SH,交通运输
601007.SH,休闲服务
601008.SH,交通运输
601009.SH,银行
601010.SH,商业贸易
601011.SH,采掘
601012.SH,电气设备
601015.SH,采掘
601016.SH,公用事业
601018.SH,交通运输
601021.SH,交通运输
601028.SH,机械设备
601038.SH,机械设备
601058.SH,化工
601069.SH,有色金属
601088.SH,采掘
601098.SH,传媒
601099.SH,非银金融
601100.SH,机械设备
601101.SH,采掘
601106.SH,机械设备
601107.SH,交通运输
601111.SH,交通运输
601113.SH,化工
601116.SH,商业贸易
601117.SH,建筑装饰
601118.SH,农林牧渔
601126.SH,电气设备
601137.SH,有色金属
601139.SH,公用事业
601158.SH,公用事业
601166.SH,银行
601168.SH,有色金属
601169.SH,银行
601177.SH,机械设备
601179.SH,电气设备
601186.SH,建筑装饰
601188.SH,交通运输
601198.SH,非银金融
601199.SH,公用事业
601208.SH,化工
601216.SH,化工
601218.SH,电气设备
601222.SH,电气设备
601225.SH,采掘
601226.SH,建筑装饰
601231.SH,电子
601233.SH,化工
601238.SH,汽车
601258.SH,汽车
601268.SH,机械设备
601288.SH,银行
601299.SH,机械设备
601311.SH,汽车
601313.SH,机械设备
601318.SH,非银金融
601328.SH,银行
601333.SH,交通运输
601336.SH,非银金融
601339.SH,纺织服装
601369.SH,机械设备
601377.SH,非银金融
601388.SH,有色金属
601390.SH,建筑装饰
601398.SH,银行
601515.SH,轻工制造
601518.SH,交通运输
601519.SH,计算机
601555.SH,非银金融
601558.SH,电气设备
601566.SH,纺织服装
601567.SH,电气设备
601579.SH,食品饮料
601588.SH,房地产
601599.SH,纺织服装
601600.SH,有色金属
601601.SH,非银金融
601607.SH,医药生物
601608.SH,机械设备
601616.SH,电气设备
601618.SH,建筑装饰
601628.SH,非银金融
601633.SH,汽车
601636.SH,建筑材料
601666.SH,采掘
601668.SH,建筑装饰
601669.SH,建筑装饰
601677.SH,有色金属
601678.SH,化工
601688.SH,非银金融
601689.SH,汽车
601699.SH,采掘
601700.SH,电气设备
601717.SH,机械设备
601718.SH,纺织服装
601727.SH,电气设备
601766.SH,机械设备
601777.SH,汽车
601788.SH,非银金融
601789.SH,建筑装饰
601798.SH,机械设备
601799.SH,汽车
601800.SH,建筑装饰
601801.SH,传媒
601808.SH,采掘
601818.SH,银行
601857.SH,采掘
601866.SH,交通运输
601872.SH,交通运输
601877.SH,电气设备
601880.SH,交通运输
601886.SH,建筑装饰
601888.SH,休闲服务
601890.SH,国防军工
601898.SH,采掘
601899.SH,有色金属
601901.SH,非银金融
601908.SH,电气设备
601918.SH,采掘
601919.SH,交通运输
601928.SH,传媒
601929.SH,传媒
601933.SH,商业贸易
601939.SH,银行
601958.SH,有色金属
601965.SH,汽车
601969.SH,采掘
601988.SH,银行
601989.SH,国防军工
601991.SH,公用事业
601992.SH,建筑材料
601996.SH,轻工制造
601998.SH,银行
601999.SH,传媒
603000.SH,传媒
603001.SH,纺织服装
603002.SH,化工
603003.SH,化工
603005.SH,电子
603006.SH,汽车
603008.SH,轻工制造
603009.SH,汽车
603010.SH,化工
603011.SH,机械设备
603012.SH,机械设备
603015.SH,电气设备
603017.SH,建筑装饰
603018.SH,建筑装饰
603019.SH,计算机
603020.SH,食品饮料
603030.SH,建筑装饰
603077.SH,化工
603088.SH,机械设备
603099.SH,休闲服务
603100.SH,电气设备
603111.SH,机械设备
603118.SH,通信
603123.SH,商业贸易
603126.SH,公用事业
603128.SH,交通运输
603158.SH,汽车
603166.SH,汽车
603167.SH,交通运输
603168.SH,医药生物
603169.SH,机械设备
603188.SH,化工
603199.SH,休闲服务
603222.SH,医药生物
603268.SH,轻工制造
603288.SH,食品饮料
603306.SH,汽车
603308.SH,机械设备
603309.SH,医药生物
603328.SH,电子
603333.SH,电气设备
603338.SH,机械设备
603366.SH,家用电器
603368.SH,医药生物
603369.SH,食品饮料
603399.SH,有色金属
603456.SH,医药生物
603518.SH,纺织服装
603519.SH,家用电器
603555.SH,纺织服装
603558.SH,纺织服装
603588.SH,公用事业
603600.SH,轻工制造
603601.SH,化工
603606.SH,电气设备
603609.SH,农林牧渔
603611.SH,机械设备
603618.SH,电气设备
603636.SH,计算机
603678.SH,电子
603686.SH,机械设备
603688.SH,有色金属
603698.SH,建筑装饰
603699.SH,机械设备
603729.SH,传媒
603766.SH,汽车
603788.SH,汽车
603799.SH,有色金属
603806.SH,电气设备
603828.SH,建筑装饰
603869.SH,休闲服务
603889.SH,纺织服装
603898.SH,轻工制造
603899.SH,轻工制造
603939.SH,医药生物
603969.SH,机械设备
603988.SH,电气设备
603993.SH,有色金属
603997.SH,汽车
603998.SH,医药生物
